<configuration>
   <include resource="org/springframework/boot/logging/logback/base.xml" />   
      <appender name="FILE" class="ch.qos.logback.core.rolling.RollingFileAppender">
         <file>C:\workspace\logs\redebanclient\log\redebanclient.log</file>
         <rollingPolicy class="ch.qos.logback.core.rolling.FixedWindowRollingPolicy">
            <fileNamePattern>C:\workspace\logs\redebanclient\log\redebanclient.%i.log</fileNamePattern>
            <minIndex>1</minIndex>
            <maxIndex>10</maxIndex>
         </rollingPolicy>
         <triggeringPolicy class="ch.qos.logback.core.rolling.SizeBasedTriggeringPolicy">
            <maxFileSize>500KB</maxFileSize>
         </triggeringPolicy>
         <encoder>
            <pattern>%d{yyyy-MM-dd HH:mm:ss} %-5level  - %msg%n</pattern>
         </encoder>
      </appender>
      <root level="DEBUG">
         <appender-ref ref="FILE" />
      </root>
</configuration>